Time,Speed_des,Wheel_speed,Speed_error,Sp_err_cum,Angle_des,imu_angle,angle_err,ang_err_cum,angle_diff,motor_output
1654546021.5795863,1.5,0.0,1.5,0.0057713985443115234,3.0403997898101807,14.156608581542969,-11.116208791732788,-0.04277071415924638,-2889.128702441443,2835.5381282466938
1654546021.6032727,1.5,2.6158287048339846,-1.1158287048339846,-0.020658576528512645,-2.376267445367558,12.340134620666504,-14.716402066034062,-0.391349432453474,-151.99405172902254,463.05846497078846
1654546021.6334095,1.5,4.571783955891927,-3.0717839558919273,-0.11323238791095114,-6.936194627160512,-22.96435546875,16.02816084158949,0.09168842433025848,1020.1660022443858,-1258.775070363858
1654546021.6590817,1.5,-2.9293807983398437,4.429380798339844,0.000479550046535826,8.86211844700544,-7.299917697906494,16.162036144911934,0.5066034056896646,5.214797219708398,-366.3866263912334
1654546021.683441,1.5,-3.254192860921224,4.754192860921224,0.11628800947158499,10.322401788143543,-20.695037841796875,31.01743962994042,1.262164234611701,609.8471005076727,-1255.7638490085692
1654546021.705218,1.5,-4.00870107014974,5.50870107014974,0.23625183559088325,12.671164989435663,-40.18143081665039,52.85259580608606,2.4131433007280103,1002.6634868648167,-2118.4799553381745
1654546021.7282412,1.5,-5.01759033203125,6.51759033203125,0.3863071553776535,15.739330751706076,-53.91710662841797,69.65643738012405,4.0168524100460425,729.8678616630474,-2296.4077665213736
1654546021.7529585,1.5,-5.164701334635416,6.664701334635416,0.5510407838328926,17.18668815610108,27.188701629638672,-10.002013473537591,3.769629333028118,-3222.7772112944326,2944.6780824560415
The robot stopped due to FALLING