Time,Speed_des,Wheel_speed,Speed_error,Sp_err_cum,Angle_des,imu_angle,angle_err,ang_err_cum,angle_diff,motor_output
1654545610.5873241,2.0,0.0,2.0,0.018703937530517578,4.130927562713623,8.702530860900879,-4.571603298187256,-0.04275349125180128,-488.83859783301466,537.8395609267249
1654545610.6027596,2.0,1.1589860280354818,0.8410139719645182,0.0316853727242839,1.9038255529990238,8.914600372314453,-7.010774819315429,-0.15096800612180122,-158.0239240628656,296.09039513156233
1654545610.6282637,2.0,2.576210784912109,-0.5762107849121092,0.01698962818988245,-1.0334941724950413,-29.707469940185547,28.673975767690507,0.5803362903291449,1399.17634639047,-1886.9469996474058
1654545610.652798,2.0,-2.9212661743164063,4.921266174316406,0.1377290820782643,10.806635923180664,26.79555320739746,-15.988917284216797,0.188060588755047,-1820.4321598692666,1965.8815409456704
1654545610.6838686,2.0,4.019418334960937,-2.019418334960937,0.07498432218195984,-3.513946414648156,2.0851261615753174,-5.599072576223474,0.014093432789851562,334.3935483280788,-183.99378043733145
1654545610.7108872,2.0,-1.2621091206868489,3.2621091206868487,0.16312177096791253,7.666070638149086,21.64007568359375,-13.974005045444663,-0.3634638801206983,-309.9697571157417,588.4192980838161
1654545610.7289195,2.0,-1.0369876861572265,3.0369876861572265,0.21788568165896627,7.599175143927217,12.223252296447754,-4.624077152520537,-0.4468466838651541,518.5096447450615,-349.8918059775572
The robot stopped due to FALLING